ph,Hardness,Turbidity,Sulfate,Chloramines,Potability
5.0844902035418205,276.948863097244,3.881657061269955,539.4264519164665,2.047466698546324,0
7.077646592902888,185.93491733276102,4.548134097182962,134.61839265367522,0.7171286727007353,1
7.638540265357089,25.81797182906877,2.5990497924283282,202.04928437871584,4.053520641404633,0
6.174528073285431,135.7766996477799,3.451922084942105,420.8123713887718,3.053364420419281,0
5.196360363316936,488.4194023568258,9.174858431319903,177.5472451391344,5.168674116127946,0
7.335201893687525,174.6672968778818,2.858861760241611,142.85258944429955,2.803357763197722,1
7.600363779642567,480.596789274096,4.699882681579366,127.08682526147415,0.059464172946921856,0
7.167305459881607,254.16994108465397,8.901411373960146,218.42242010088455,4.668277838899195,0
8.969462915254788,72.67337536520168,7.077213502675274,269.3754194722966,2.764401601450043,0
6.645764740656153,208.03370842116774,2.1729798042935586,368.7024332856336,1.9024645839206333,1
5.258374398663756,238.1011205887812,1.4730304427897034,89.53683421417301,2.899392455252611,0
6.058610338977742,425.29139971501564,0.07841590771916818,446.2569914890386,5.921375672329785,0
5.742445699072329,67.0796387764374,6.309217902291634,328.2438502297971,4.52741616723442,0
8.219731462863384,254.35574577045352,4.4767342541041835,187.00829875207563,1.491629307679838,0
7.816059607891933,82.55651877978214,3.03544789359377,337.82743407184387,2.8089159552566603,1
7.3494484243565825,175.8444449072288,9.579341210567705,193.96640047067314,5.9528138368714965,0
7.545523611492902,166.34858240947068,2.9584858115316277,242.27650629308607,2.768817140827461,1
7.553726125980663,185.5865436377672,3.5131688654275814,268.203488481685,0.7150620154577563,1
7.039236726829633,212.00452058624683,1.1871673418740314,288.5279369843761,3.348031703027796,1
8.606286523360065,209.34861371361694,6.796203327351078,87.6181832423041,2.0734775152248783,0
7.714041733217771,232.89601494783935,0.5211240140417384,175.98171505681452,2.7706788515578507,1
8.73226145867259,396.80794104178733,2.74703815047892,543.39955930594,2.4208858141619976,0
7.800608477870155,251.56721755653695,2.438335343106322,317.0330987064736,1.0300131002948716,1
7.869860828834707,88.71614157663858,3.2611212977273625,260.6969798042736,2.170956663181238,1
7.267013598291407,185.71152839672237,4.752655262931017,350.8353109621746,2.6063235688090653,1
7.252274442030799,103.08463925199847,3.0032553327417792,346.4165088702083,2.5360782659741536,1
7.697442768450163,133.24990348975604,3.717969580882799,352.997850336365,1.9051162268116513,1
7.4749458961666475,297.0657705187722,2.5313302974760137,245.52839799386206,1.683295432781915,1
7.552950315886555,111.3490194383329,3.170520156881657,200.0885187510597,0.9438840789264658,1
7.693689004154152,189.75539375929833,0.35466108066886715,337.467460777411,1.8710985769679738,1
7.9697422223355,38.444647501915995,0.49979028659678737,251.72089506042218,0.4091197185927762,0
7.213622216737981,452.8457562250033,8.436496640518238,209.54092939751087,1.1227456224630104,0
7.063374428959916,203.1227103671211,2.362466775032568,356.4922058684423,1.2309082742310649,1
6.640972909761303,82.1495864322204,0.22824372751191868,364.7679630317042,0.7049785684958685,1
7.367420211494261,151.82148781367823,0.7001204877665884,239.89292684205103,2.43328148236032,1
9.042252806668142,449.65651553913744,2.419771303170454,80.58362049808781,2.261201282083131,0
7.19839702719869,99.33062981186333,4.8576634545052535,216.34782697507939,3.5516957144817694,1
6.5042570838181994,314.68812068482964,1.9692570445342839,289.1093849367947,5.431793994063093,0
6.810029018220663,51.992979469131186,9.514298103618323,88.85127539528465,2.95774182993516,0
9.236416698059077,268.83585053369796,9.94819293965951,588.7295716952196,1.9809357018936264,0
5.266757015580401,92.08112039218,7.117228057460487,144.52361472874617,0.6408042240141818,0
7.4311491600839865,373.9682089863131,9.81143731791822,58.99582445252547,5.7204172762925705,0
7.733900840989487,204.8589866175428,1.0349628921921339,216.82148169366258,2.4804769610963633,1
7.0402859621168945,231.68229321019845,2.582863142229895,262.52828928026895,3.678064908975818,1
6.6905907689778275,256.12907380399827,0.027528995802104106,390.4197436152277,1.887094189243772,1
7.283364890082207,124.03305373385822,0.03832016324612664,119.96941837426685,1.5371403066493001,1
7.654990329647916,116.84616809699534,1.0953440455092889,294.49540223562866,1.0021430995630702,1
7.325665917946045,54.600481279363215,6.223432646172461,79.89370514752808,4.6989685855421826,0
7.4343357137285,220.01465489960006,0.5401287706534569,212.6406785399501,2.014700195196366,1
6.628021197490652,235.42465982711826,1.694303246693758,341.144363558034,2.5848793845653533,1
8.036193171566993,479.12067118375046,7.925951162883833,191.88741583770727,0.7430761602349047,0
7.297031947352222,285.96669417361176,2.860243216846504,399.1547061708851,3.78849006158808,1
7.381441800834066,189.5606760809908,9.437015928202207,494.86933310074943,5.456577022115259,0
7.45614485224731,199.0851937662355,1.4674441160406082,196.34864579078607,2.5531837139928193,1
6.62065335651193,187.85755027800778,5.214596387214719,170.6090865912401,4.927500927358226,0
7.963778119193802,271.6132072241388,1.9850752061859582,205.15616028584856,0.7806536488423965,1
7.274450522451793,237.09912506913412,0.43546383397885746,211.75998212786524,2.1689360720659354,1
9.127842564533882,108.89387257638461,1.616714362369619,221.5609012819777,5.732689148628404,0
6.754196857020661,103.57248096036048,4.7690010646797,49.20272564222488,1.4817670019513551,0
5.066190229203777,67.22991186243071,7.18331175372004,50.60384955856952,5.157872072115639,0
9.424205994811672,336.9453054566423,2.473403158190833,421.36652844905973,1.012860034707385,0
8.69449043222967,386.8988778664333,6.406151835488874,285.5988167717362,5.123657292851117,0
5.123313406016334,147.22228559600194,6.666004790466192,151.38254310094132,0.07937287743176391,0
9.104209413086862,30.05358129483815,1.6269974380856589,376.10277766863493,3.070682739416884,0
8.849481810310643,59.44240038868513,5.650853124527563,166.65770858506448,4.616655476529341,0
7.543961309140547,221.5870929432355,0.6574455994899081,298.50528651995694,1.1200373312791894,1
7.113429416621405,195.8085854059449,1.3736576275975976,245.19681045392414,3.0272312247132485,1
6.4950135193506515,389.22711096230415,0.12103116776107425,497.660291434855,4.91774921728587,0
6.734655564006629,97.95859604672971,2.109140892694157,341.34839272954673,1.9189798879870423,1
6.875364347246893,93.27745847792403,2.0551053763277287,331.8428719871012,2.306991547191859,1
7.3238399970591805,134.3627114822322,4.538055012782775,264.5257488980688,2.5322582906837194,1
7.571893884050094,115.09982962490143,3.570163222334282,119.93899773288163,3.7757803688699583,1
6.167495858455721,315.20622465865597,6.343636888716872,487.31442488756636,2.2623235860101927,0
6.919900845418915,128.22707721876975,1.5468635893139104,275.11407631940915,2.1844728292673294,1
7.186978014689615,329.07404169974274,3.216699896595486,141.2544367499707,3.267331947928053,0
7.606845375043653,154.11707418964352,4.775302557424944,325.52409771875216,3.826864873340431,1
7.331531078767101,120.06594145151385,4.105991412751132,340.9006215873511,0.577231520388018,1
7.417581119351528,253.7336715713454,0.00782552595736452,255.40241992138743,3.9388244528961356,1
8.187506240548743,403.3828119941958,4.287020209864336,507.72705203368616,1.8618508926272852,0
6.871596484251736,189.60305761969056,0.2556769072105036,301.34724201390657,3.3503537274406647,1
5.62302411469991,490.3857580922483,4.80890146603009,240.97493872767194,4.778643369140864,0
7.6367691656965535,238.22439121989805,0.29762350173885843,322.6759561597262,0.9626288021385512,1
5.204285101898999,299.5628759394783,1.1850262359815156,497.7016942344046,3.8732061384631336,0
6.674108960760375,299.1934615324832,3.4329495674630337,158.49255997008677,2.7538480280666473,1
6.9918388636973985,409.64949828326604,3.9783662550215695,286.2919335062749,3.2822720736934663,0
6.594627247522739,335.1097315191213,9.195310246560497,195.9058166925841,0.5246790107993127,0
7.78319087601651,123.89933920441193,2.2811825447777103,372.4685466100969,2.5981139888055083,1
6.311969495583165,182.36840287735924,0.44911298995615856,88.81338413011657,2.481099181739755,0
7.211260743630988,95.88364997541868,0.6051250024259652,279.14659179709054,1.8412537808153808,1
6.646751240976502,86.74355048527734,2.0947389509373773,296.2398211083621,1.2571647217078947,1
7.237423812675249,136.690235472467,3.7558902390420905,366.738377182003,2.0490207107648537,1
7.210207656170849,181.7770504826496,0.35503832266627733,273.6420263535822,0.6692694886707331,1
6.759802804865023,271.0199511898437,0.40090007040951725,289.71739729851623,3.371706545680962,1
7.15077747385696,239.97719534858777,1.773856459179921,146.94301480108018,3.3921928383256534,1
7.09775710159606,243.39543466399584,4.708628558094626,242.1763660348308,2.5580016220036996,1
7.423775147078325,173.60853357857658,3.3428632336145703,314.91913358742966,1.7358601112843632,1
7.4526404763014655,156.10569836033184,3.393349783362824,181.28280949490963,3.2992417755602417,1
6.567956014658066,161.6285278566126,1.8095999541893248,160.67625415736046,2.441404586759285,1
7.061918921939707,297.2829040219327,2.9683039560426923,194.14804246732467,3.3907630799250565,1
7.476925086600219,329.9891900744989,3.5857846152487314,59.701262488289736,0.6520952362481525,0
4.835382386942137,157.23525883479687,6.566310737078761,262.2468575738569,5.887545464347661,0
7.784734761782484,207.30858988592655,4.566434737881184,227.45525286042607,2.59497047626216,1
7.488040447428418,176.4953922217099,3.062867341724096,372.35155416506024,1.9494937387548317,1
6.7444016406221445,239.55668529133004,4.368492967331726,252.11789402161548,3.8528105097414813,1
6.605853121100645,187.0671671134346,3.619865277330469,156.37611424459692,2.3938983870759567,1
7.463628917309474,272.15311237796533,0.6027920820184512,123.09150081426222,2.6178133148918845,1
6.539766965812433,278.1544100824769,4.512266536429209,308.84684354137755,1.2717067379516225,1
7.378663371910195,172.77860391216018,0.3322192217788744,214.83962933091635,2.6897777629954676,1
7.910345362137436,140.90211539171133,2.6698373627388188,346.54928397560775,2.5006267731903034,1
4.828543197141762,369.67552503757435,1.7522177210582734,503.51352607559994,5.324813641277294,0
7.082254889309783,280.71993603567205,0.05853305365452033,338.87243516241057,0.7085548407360029,1
6.766444173740139,334.9576820869143,2.8247874397702666,374.8619916598684,4.849609267297669,0
7.187379335737275,217.05264838396621,1.4752035382707813,307.70767673831745,3.172922942726122,1
7.318425183973902,218.9432484203545,2.430002468988015,179.21859540811562,2.3319047982270287,1
6.50381530437663,492.64147497176396,4.366141897687661,81.40710456361501,1.8822187485429374,0
7.079153956701162,108.94489072799715,0.2186953615447368,290.9122844600123,2.832826918425622,1
5.276201229653562,40.7233931825656,5.166983852262677,259.6400599804773,2.135746640823843,0
7.858025962934096,279.98715454644105,2.7932119822521266,180.8535586876818,2.046417966806841,1
6.793686702183945,119.53028395145324,1.7158367658632911,157.27797552149306,1.0717836543944705,1
9.230577310668163,368.47035679294186,3.530503916003024,60.66272099192903,4.8863035240144885,0
6.65116700206614,293.7069206891607,3.2614582429596983,165.61468389937818,1.2080288220537128,1
5.853723365717769,122.48545582912251,9.464565131504054,125.4317429860699,0.7936122905908902,0
6.6416644411338925,267.96472054130743,3.4624641333461263,179.3905080776072,0.6790257196713917,1
6.5436708554904826,423.537453445376,4.194479939573136,499.8352468476026,1.424899831016304,0
4.626931778301724,371.7447414878003,7.803655030068817,44.31082569542937,1.7993855579672173,0
6.978463445440642,271.56497827995247,1.3769058712770925,333.40757294339596,2.1915299973821383,1
7.767312966454182,177.9671561005864,1.5315674938910635,328.25539927923455,1.839744351410642,1
7.794619709550757,264.0130625198144,2.0468010905728393,530.0115250935149,4.176479169402235,0
7.7217027238834035,159.03134126794845,2.2320975820079108,126.51548409535562,1.0086434234717645,1
6.9227821621601,210.44918731568404,3.9919017025917625,309.68464854621567,2.269938603234809,1
6.677247241432484,115.97525196870501,4.112111868341392,210.50416413830538,0.71714495934794,1
7.859463717993642,439.1949996131877,8.550302016199351,444.2620886278072,2.8142444851089237,0
4.598552688771821,325.4198499100391,2.0707580921085524,575.7084451732716,4.805632329248581,0
5.020542909922869,385.33833778071585,0.7115828517343281,147.85868246234298,1.0809518863957155,0
8.499580426865947,96.83438477819504,0.690075926128163,533.9854278350201,0.6591786824446977,0
5.392723310271668,241.54758772149916,9.407845205031078,561.8963862171444,5.302103806127938,0
7.763730539259374,24.479177517004782,5.069204379618347,551.5239158285984,2.0575779765551756,0
5.690913905233632,138.40585497037904,4.094120718170183,388.5403269799077,4.1032207494541915,0
4.997206963796726,368.70162325424235,8.108785810079183,385.2959795721305,0.15209162558363087,0
5.71586095499727,496.06877664769445,8.35825927910516,253.86216724661722,4.140281330456697,0
7.98575771300101,131.93110193622206,1.8727644351006068,196.90820372622818,1.14846897616739,1
8.77848234053143,212.71727161341835,6.936180574737953,328.1505306435405,0.33444512152465045,0
7.058027128689175,117.34673911925896,2.1526466923110377,366.43545668021073,2.759502634995998,1
7.664619441112995,194.35026868232387,0.7129707204095437,197.58718550852433,0.6595480528203408,1
7.011205310379527,154.14069881488297,4.450485175919042,370.2882687071404,3.8108981144595977,1
5.524921477079105,371.8742220942439,8.75883083517057,498.1934802106385,0.48348487371908155,0
5.965738651305067,315.6730161248859,5.390945527360087,104.93302882963334,0.882979506569672,0
8.9816790926056,110.25187261539975,2.8247242637000367,503.09923503305225,1.7878634129750626,0
4.56500961755368,190.58459296915493,4.252281854376939,333.3719884383782,0.5385570033609428,0
7.631814311127023,235.49098771479808,3.1845115872737164,273.0107196573269,0.9443054481424044,1
5.539431275730136,286.028726783368,1.2786680122241756,270.1549896777885,0.03628225910387051,0
4.632661019369099,22.510214500598114,7.655467505158608,239.84348152216032,2.9031613131858682,0
5.407177175448987,385.27556481348506,0.00011634755366141114,550.735224859989,0.7394847487953087,0
7.41520780484846,36.949450371314754,4.165658284822921,165.67817517807276,1.8460745368676912,0
6.607122752962489,377.9522157109914,5.225101810855884,509.643148665963,5.556357358909593,0
7.843284842744301,184.41879266495906,3.028896247263452,341.99951590804494,2.8950998712387066,1
8.587217808692206,479.8752704573025,9.730781629723328,318.1753566797306,5.794993918309996,0
6.516256477220447,257.24743364901167,1.0894627712749505,399.28848922064697,0.9989479426159046,1
5.797117167156463,176.92717584227796,3.0419871963628085,352.3644763590291,4.449396650800978,0
6.636930015179201,271.0196817129169,2.2700081059805743,112.1052480579099,2.4415613114882397,1
7.451474712574038,166.69002343530315,2.304166621173499,42.77626026015834,5.3068723655805545,0
5.840318204114381,440.7923656775363,0.01473822086311416,177.7591910997265,3.323959533018786,0
7.925910720406334,139.34491453373772,2.427948498296989,106.72776674861653,2.8465201682892114,1
7.360156832184929,92.55910833964927,0.13768359934732743,208.12804814244583,2.7463683088050237,1
7.447755818254699,196.85729616022704,2.5272755895522496,335.1214753225709,1.9377608349986413,1
6.680632645676583,366.5940503373138,6.630471918034225,249.19007253393693,5.498934906693085,0
6.939816157547097,88.65557894707212,1.9210335649290011,193.8333967631062,1.9540505020723136,1
9.242266534810783,304.6612804096564,8.484253790905248,220.56753707804648,2.2324935297773756,0
8.318028970798803,207.9323351253581,4.226291970136091,409.2340311098661,4.558941950570331,0
7.62856179415652,285.45250385613906,1.9399337997343475,104.31443382162551,1.1197878938905144,1
7.687368565588773,149.5543430948851,0.8001246823159702,329.3060159309282,0.8444846618547905,1
6.937155991247568,21.544766530053767,7.126213330985128,252.12311999280976,4.427566613992802,0
8.972761134470456,317.4028819807235,8.16779466505636,474.3128301145077,3.58457545544052,0
7.241630457053872,112.63550421165955,2.2926150444094535,111.68140500629968,3.050296994828109,1
6.586338140024966,297.0586270509463,1.4462238598632726,351.1358883491956,1.6037731014314112,1
7.324293323485604,292.32611321593004,4.500415915082404,285.857860010891,1.876014953229053,1
5.84338679692473,302.3370881352274,8.066935196947393,370.04670777065013,2.7902180053254595,0
7.208171073304335,250.8669871453394,9.848584027624758,402.51346935776974,1.3618712368291261,0
7.667391099130736,328.3162524345091,7.542482596820808,419.06642310299475,4.463431123812912,0
5.7894384271660115,51.1297253518248,3.9319520102792227,89.82479569767163,5.515248186322351,0
5.19678037036412,298.392217965503,5.906378339946378,564.3472744144157,2.5426207195855404,0
8.674651183996495,289.5126022205714,6.610142542473203,125.08630184904803,2.0527956006713697,0
7.427327094974392,187.54624765652244,4.920065816052322,327.0190501205704,2.1628145550336884,1
7.128450911513429,309.67407996629834,5.444969591038651,149.1521258913893,2.669114596965245,0
5.358396429241518,344.70460986865385,7.093208284726096,198.18552187233712,2.9342904026956993,0
5.861536632596845,406.3947198467695,1.6732130400106038,336.9459542023121,2.109899234051432,0
6.60914450954629,147.744587150062,1.9275595236846117,168.6626387450497,1.724782487497499,1
9.071494032802494,416.0237168864298,5.8377278051411166,112.93084856637364,3.4137328996911043,0
5.088755414450706,259.16272748645775,9.522217856975946,119.143113404092,4.573047523089868,0
6.62202317096285,228.1551353314818,0.7707252158924355,378.7418560046388,1.3423468016500357,1
5.87027610343603,48.104446037110016,2.6532613755546697,459.2241273997904,2.051094251503549,0
7.270890012578967,180.4343929741092,6.015538792998241,540.8194951717173,2.6021659879222803,0
7.757101941759322,396.75054901350444,2.9655991220593068,68.79404411044204,5.090830646437588,0
8.648709018536008,359.68684867563957,7.144241640712422,248.0002663844526,2.1795321100548612,0
5.532106358803016,398.5351830427551,7.59005282521931,78.14242695926845,4.763610800711108,0
7.920872866075788,118.9729536784249,1.5116662467574686,294.8526789122342,3.9237723398429543,1
7.979001595734307,232.3777094897562,1.2966744865854722,341.324217903242,1.133121654826144,1
7.630067277888412,264.38536372258426,0.9731191835243597,314.53004838511004,3.2970528988667374,1
8.869450387812577,177.53252173246955,3.6928077021554104,114.551086012634,4.830583872246809,0
7.487065510851542,228.32929576346012,9.32924862569672,155.61144319397718,5.070237893379855,0
7.502584302168267,62.52820624621627,8.275063198732212,33.75049711382066,2.370320027140776,0
7.337606374603707,215.92639284426704,4.8320869293320365,302.4358906502232,2.5242591709078903,1
5.376856393117248,307.14814115059465,7.143266357349976,585.3205457081599,2.4112576274204374,0
9.0720597296248,373.11829483481114,4.617161438131191,98.56653134092066,4.042537378704539,0
6.666796223459227,86.68515313330411,2.90233800496848,382.50759599740917,3.5324811423889506,1
6.415692641247487,467.8943990449077,6.945954272532854,523.6775238892217,4.493778905162391,0
6.5170304671511285,231.69588522694346,2.2202187460110148,250.10783386466818,2.922176935639107,1
7.20299096299119,228.83294487099423,3.131171607105319,307.2651929652468,0.9899558185261701,1
6.584454913522756,127.44853352749777,2.444489158962257,309.14074176754275,1.9553649880644386,1
8.190168082131851,397.11277667851135,8.07070903866703,42.847263541835254,4.496216619869742,0
4.913993339625632,76.8013716432259,1.9524060295649204,352.89092232002605,3.274175812878155,0
7.515760547331941,216.75434705421836,3.453419522448878,247.87916315804384,1.2243863312796035,0
5.726745548406605,423.10509710509626,3.356104542698427,36.61840799503962,1.7514670409868436,0
6.446478070209883,204.2398169278611,9.785254683891406,358.2863875412829,4.4916522514909945,0
5.943468683853499,294.4986901890495,8.565372237479268,26.555471221633034,2.895607413969124,0
6.2783635823247455,302.12929321385514,7.011698615902597,476.6757357265783,1.2961886423584332,0
6.928568129422791,294.9783205286898,1.975688716321593,236.55159752009692,0.9655342961756508,1
5.985608578115875,193.87301199309843,5.6207279440257105,43.34964174535462,4.290750118901327,0
6.835393757779179,271.565759074197,2.3777301874341332,351.21012393104525,3.8224558718596593,1
6.880252010995498,32.574420095391105,4.962587528823615,250.65696037117172,2.5626302721620595,0
7.8183558268132405,31.612046667850517,3.8051770986989455,584.8042397471468,2.850602044150323,0
9.18414869662379,419.21458096437124,1.63035336931591,335.6352242521473,5.387731297110115,0
6.564739867925864,273.27342348629656,4.54727305468621,282.9092275457848,1.229103865029813,1
7.8367146705471065,168.91087076322725,3.6107161772795293,309.8918708866365,1.7440376807742162,1
7.29155166362945,151.9472955439125,2.666933143826813,351.4464924965928,2.8422666047370333,1
7.98944719417895,226.87054482398864,4.349845798238425,340.84328044735014,2.1933088895122657,1
7.475389653501274,144.4624442555714,8.389973277180108,237.33874289427834,0.7406991948621306,0
7.330781426601981,247.70272965085547,3.952548971374425,260.7805236556355,1.7523393726745757,1
6.981831236006181,438.91052023260886,7.0369977962905095,49.33240021805274,0.005660491605786522,0
7.484214244584447,424.12811206006813,9.70257109726057,267.15031801229384,0.2355903098919614,0
7.444097957202894,259.92352755850476,1.3788378412567848,146.10731285326136,1.0651024192248402,1
7.543623033476926,106.44599218153385,4.385452905090944,271.7821698646067,2.151089431314537,1
7.181811597151659,199.7876015513869,4.7202104691269895,183.10375729779363,2.437151216734475,1
7.441337120126095,81.26690530958675,0.7439798470255782,376.39225366389263,2.4960042855598665,1
7.376471467884651,151.40888257805946,2.3133780253269673,274.9572412831293,1.2353751751932314,1
7.851737015736483,160.62153767170753,4.904936890813426,277.8520541524331,3.097949872883004,1
6.568169570512187,167.15799215403618,2.417037179865733,206.477398263103,0.5881968318737437,1
6.9214447843883455,233.00278547176967,4.317737612572726,115.59680559331224,1.7419114944010694,1
5.7320101661955345,229.68833725528617,7.184539473225501,215.7234817992528,4.3875035360842505,0
7.8353956758363745,178.71259697695675,1.8766495395980094,227.00054324595925,2.473625223693908,1
7.183485129178569,132.25970879235206,1.428917777629351,125.36961342917135,1.414068513788011,1
7.973482354272134,96.27592048128972,8.000034817636815,142.45304668366168,3.44137968016026,0
6.916071774471699,129.99931799789331,3.8089909568884863,364.29190169189724,2.4858683045462566,1
7.4511533343454355,84.96995949328905,3.965536819899632,49.75043240910504,3.8907873414014222,0
6.304869484700134,380.6600412939419,1.3171502857909356,305.6705208142878,0.4106442554557568,0
7.0300283420390794,227.00681568210356,2.4616274000059097,163.36954944187931,2.635377727126821,1
9.086567877311214,479.1750181200598,1.5727320817971535,213.9526838134742,0.7162860680291807,0
5.184093154594807,53.09984785108217,3.0978785920909924,248.85194288497578,1.9670570273149095,0
9.251186769104013,47.386266152602076,2.9004553196243688,327.3655404195351,4.894472283756725,0
6.730028864789778,155.44979585273606,8.714140341908543,113.59306786526221,3.583874269984271,0
7.547242571029617,194.19799272996798,4.137594610531515,185.9558646781369,2.5975475045223604,1
7.209504736891791,138.5498235545599,7.966813971913723,487.15075099399206,2.8406139562501282,0
6.964291424429492,85.64125447741586,2.8676447572778665,399.1713699710808,1.5086458408583532,1
8.161124432047806,139.78217592776292,6.248740996069989,109.26194472238873,2.040026316359353,0
8.53280573930725,150.53586854174287,5.717459831437487,106.56469245005486,5.217898108873028,0
7.793916833553586,384.5111659606226,8.32830376788271,175.54113329204972,0.528806585860149,0
7.961382822589263,235.8751243762592,9.060870604812605,229.42334127780157,4.660790623251785,0
7.733805864384753,197.39256027991325,2.1957490831687414,239.50285525792827,0.5838119284466923,1
7.924699869937886,213.73912041455782,4.2348442710353025,354.2163791714121,2.546897339570268,1
6.947124818215702,254.03417296322448,0.5183579911972902,52.874650656184535,2.5820791942332026,0
5.606047209098011,36.13452808797567,5.488586650773559,40.110168451118504,0.9929986479819337,0
7.127364554435928,237.98707676982878,4.417323814930303,120.10496132536299,2.1507732176270835,1
9.220296698433067,455.08997760531724,3.067765995221412,424.35494144002865,3.2120866083699404,0
4.697134056842529,86.83777813644568,3.5295850345235658,132.19249891475988,3.811940080249926,0
8.027875862578442,275.56192749210425,6.212924490496102,392.072599128626,1.178921801737267,0
6.539550461745878,81.66383249519127,4.6319130336504335,381.38956943016825,1.9257793347449133,1
7.0646950503170745,222.44443711401266,0.09558047214882015,125.5310458359356,2.3248195751580942,1
7.715829996172749,277.56672076899713,2.3842173415890855,215.679277754,3.6380113046415357,1
9.07744148794021,30.47523045223496,0.6835320030995862,192.42657848316935,3.3584679680020497,0
4.669729892928994,338.6190493642828,7.837598424841072,153.39637729867948,5.147609483983973,0
7.391196073028203,93.2588258637034,3.46266215768554,168.8097331113017,3.5158270964468534,1
7.071336284946533,285.57592589721315,0.6721756470406093,240.7321633142736,2.5199097883576727,1
7.954871596721905,157.3569911927196,1.4969779418584062,180.56865023609276,3.6173045941164483,1
7.763178384703563,102.31258225882763,1.7935776270850674,130.29343204532833,2.589308281946104,1
9.22133244556717,221.02079315559746,0.5658565614671562,410.3934359285059,5.5809912171753,0
7.203039739692455,136.49084489851174,1.3937993620727651,144.1826690656273,2.003856771743018,1
8.810213254946568,370.7940631907503,9.444485826943033,250.255454080335,1.5534256487588376,0
6.910110607896059,147.60379228378304,4.787240095190481,327.7877520755421,3.695645134114496,1
6.095502366216278,143.13442997323895,6.71479148667207,448.01154949060344,4.3565091089031025,0
7.7970835643825795,198.615480868556,4.989104278409891,231.92214595237257,1.1327480269683283,1
7.719351513695116,148.4876938143208,3.384106494286978,183.51054449879697,1.4407916526056936,1
7.999576509929196,214.27343232840204,4.142346497245585,339.487959162756,1.1952560191409203,1
7.994955255610858,237.55314832910258,1.4730969817309658,197.87617541234403,1.363999596585065,1
5.1028344288863945,486.5625582231378,1.0137289755315915,595.6974413829028,3.603499181922816,0
7.653481122770765,170.98080233557732,3.6893475928076502,169.75179766234936,2.4429682536361597,1
7.9814438793906985,187.763058601673,2.763191084658536,593.284176498819,2.2784244289298927,0
6.199374818840331,74.76597674620803,4.32018927594506,586.8223608885394,3.7031653627018004,0
8.123833857643808,92.59847779276859,9.803687409421851,480.41450026666297,5.818913187802709,0
4.826781703994712,128.15212637659283,0.6750254668382194,402.4653180075586,4.365786826198132,0
6.6937391227272425,195.53594440675323,3.8446139105382047,118.76945266583547,0.8072588297035599,1
7.197456461876686,428.2957077637461,1.7936468201221045,522.3388963191442,4.5732723498850625,0
8.453615824194818,289.386938375612,9.706765454097441,187.87492253930301,3.5503018133544026,0
6.09376251466035,271.22763745969587,1.133035047274642,291.2551032412287,1.1521402148180673,0
7.507551026608785,136.44381241430003,3.068020571187292,202.79354395675648,1.4914954122240207,1
7.427192360686844,291.84391255226757,0.4430235698483953,359.397676557442,1.9010949266054793,1
7.037244077049261,186.38004227838343,2.4381390483360543,146.4775933430328,3.3415314340363294,1
6.670336388299443,257.3183609505348,0.3882466733580253,124.82105068545697,0.5485174756950104,1
4.62200390778269,359.76084667028897,3.4652416795271823,347.2544536770309,3.1719396239356534,0
8.850494369504649,280.8983443244701,3.9761237855287055,513.3332262487672,2.0066551627086247,0
7.658477587603459,219.2933026306849,0.3300492207012079,269.0225093451562,3.295295231248228,1
8.873508363420997,239.9843079337551,2.053329387067998,561.971162476996,1.1853354340708695,0
7.1446856701360595,252.65421782242254,4.8303969755889,419.6708391739732,4.831046384162261,0
9.195338492564481,99.57177927837236,2.685337560676073,497.4984633544175,1.1146617281922468,0
7.34140695730308,274.5254219366497,4.7384401298223535,251.65262811695916,3.6015995291959757,1
7.8149804039875175,130.17754982876514,0.36158237628969303,143.22363580395987,2.104814967654554,1
6.253559077258551,341.130721917972,9.685373316998922,29.396230456890983,3.949844637036371,0
6.701022842675961,214.41581754721818,2.6128829966837257,182.0921253582315,2.820595213031016,1
6.543174014470009,170.42626335747502,1.4978283897693694,246.35029556320376,2.876733115734731,1
7.632705883510429,264.76948663067844,0.38431037638081755,124.68169728311857,3.7610914116077785,1
7.430464327030197,278.00508714756245,2.503121340352089,237.8752171640869,3.989322960940844,1
7.556119652148835,157.752703446598,3.9725777224537433,191.9390404128461,3.020551113258291,1
9.420417345996476,266.0012714097592,0.9206698608247543,141.98476264576033,5.535870837621433,0
6.704557213380155,251.7156133536496,0.2511300573198688,117.09361809921049,3.5791334080302026,1
6.588833910836669,240.43514124653987,6.236487782902661,166.75527773374688,1.967303964109551,0
6.606785011385351,44.939157226048835,6.485048201186881,522.0261822398779,4.4227944837398345,0
7.38487653028195,173.22241580272782,1.4764524702397164,317.50182288973565,3.640850011123002,1
5.6938857288415115,116.6546154252677,0.15110684214475034,93.05401390002778,2.8486140362619077,0
5.0523705656569735,144.13800074625863,9.650153694544718,587.907901958357,2.0179403656220014,0
6.273110788203883,99.05904964750204,2.508930456911025,410.8265609966027,5.523215310615328,0
7.02238320053495,179.3888893221904,4.64614026815927,358.6608920974566,3.506891151764208,1
7.270984233739716,209.0538618986043,2.025513472637832,194.16264901674117,2.2502039071688036,1
5.668038755249549,269.3052125618899,6.100074170794857,412.36057472195057,4.443981486399756,0
7.094814173481906,242.11222388772006,1.60747850623941,352.03242353175995,1.3367323442626038,1
7.43313005034181,269.8153570595103,2.382184931718958,396.8353392895169,3.1531414735392578,1
7.793545563120118,127.68275601997064,1.1301449890799986,366.85579331312897,3.160019407367345,1
7.924280935486463,101.05720221443558,3.2023802108792196,211.44017878731304,1.5940930871790504,1
6.421633235798408,134.62218146313887,9.467337289233956,268.85617419554626,3.685117465914068,0
7.89823641346535,236.5948852068743,1.0590580440375763,180.03516274071717,1.419658696245044,0
7.238174439619307,213.56068793953176,1.7890704205677443,322.4924355508127,3.917963581630165,1
6.887366582448437,200.2734307970954,3.239087229952642,247.77072122598926,2.7596090197044405,1
8.43172507207776,33.040362188268716,7.365352283347926,421.56549756956025,0.4493750520119024,0
4.9470550115612975,51.29820380503618,8.829938248297731,155.33303713660945,0.6369621212848033,0
7.238927140989304,210.78479374095807,2.515419753899182,208.42113372015592,3.2366181954891142,1
8.895591537810823,456.4256988135489,5.875858711094018,453.3053949348368,1.4389197132395415,0
7.450101281475089,297.3128144472752,2.929323942267596,222.04144028551707,2.920794781532895,1
6.86021842816729,110.01674556248129,3.1239193139470123,198.46993170350183,3.8797364134338013,1
7.567056946053539,70.62737597918269,4.081516908666981,95.96477093662097,4.612482788175077,0
5.335169730460376,335.2544502676611,0.15394891691308477,371.47824101719476,0.3716791114739275,0
6.692068758436658,174.20391528363524,1.209658401577648,137.8006083591983,2.850981007354213,1
6.727854040268442,237.87150844479876,3.569763162532949,158.92576476160522,3.0525843016702217,1
9.213658870675628,392.29368844415717,4.502542461428903,445.8077302441548,0.21876630495371074,0
7.461312117204822,298.07631861448147,4.019792537762601,152.64748821440722,1.223862625966887,1
7.538683974394296,117.80790038129076,3.990353176424347,297.5464545533231,5.004984649250648,0
7.018500924985795,102.9041228645166,2.600849461553756,273.79433999858134,1.592664077991953,1
5.653349058588793,157.82621988059626,1.8854060574925113,212.54347274679037,0.2709081864737517,0
5.382640160027542,400.5701211362429,6.724604980250288,289.8954216849019,2.6273993228574737,0
5.602431045350877,297.2448156229556,9.770069544389434,27.93580056119504,5.063960831652149,0
6.758479806802445,97.47226117757705,2.483477114089733,265.79868033302444,1.3127864181547009,1
6.788433528213006,98.84481491121471,1.4213704646375835,211.65197657406912,1.9186387622643366,1
6.2506262958336505,210.06582687797834,4.335827926326143,36.154299676223154,0.23953519538250734,0
6.7534025946082465,122.21081143812344,3.1477884844586828,142.36706301194482,1.195210648516542,1
9.345513150704058,275.8538562781472,7.483843496762313,267.31104694494104,3.465678483822802,0
8.91892942481713,95.81831496096704,9.14548663848559,337.92421758225277,3.4254423225128687,0
6.633053800635583,158.0991872830262,1.5879339763055833,183.59291893451092,1.7958126498960185,1
6.680953806650901,95.27324540414054,0.0006734650224266003,165.61294009707495,3.129476235308184,1
5.369476246097436,172.0456049924128,4.344033190066098,405.0181954145806,0.6397417136195873,0
6.809500577608689,94.87476399028728,0.23425954263801563,347.71328546820007,3.4614347368558107,1
7.0464047915721135,256.0784317209195,1.3808477891044975,185.7122702982671,1.1398468598872906,1
7.980103090268961,152.91415394134827,5.894539894846972,536.4229060960544,4.59957566827231,0
5.269479531699275,492.0903069033066,6.132916848873791,354.59109676050093,5.797645786489115,0
6.558968209761648,273.61739926352084,4.196692461780012,271.3781409811292,1.6873423141084272,1
5.622202859183304,116.96752083319518,2.420220799808772,310.161550420501,5.1904265962523635,0
5.619088074113115,108.42792283425254,7.140527233781268,60.24856982442637,3.6047528960377146,0
6.622638547923308,151.35342568538263,3.704520280760357,339.3196790044642,0.8815476547432505,1
7.464699674208516,334.0604251159817,1.9927033646680081,368.52896328226996,1.7112348160824844,0
7.400431039189056,93.01005594669098,8.77470046654482,217.75597143262382,3.7846225210357236,0
6.591616939782296,298.71065946865684,1.8011695940021393,267.0354732784564,3.330892132220894,1
6.915316472220805,225.6046217668633,1.3519664319226277,353.53625544881044,3.564210276385638,1
5.828000212943531,60.06276079490398,2.4837626036980023,103.10324604753183,4.5466593622509475,0
5.147574606414021,443.55985683552257,2.1440648299316454,434.53692343118087,1.6915101335835099,0
6.776781529034566,182.345234702418,3.944662358880036,301.82938432374,3.5003082807942687,1
6.814023985005066,93.23131537217274,4.459360724053674,166.15127903069413,3.1762783263470573,1
7.055708154187073,203.70529949314016,2.1690870978826475,165.46226036565167,1.0134328990531354,1
7.226784477786532,290.6775625911837,4.54971571927196,362.22153199155554,2.9161299641525513,1
7.776209903195109,492.37295313751895,7.327334747861651,479.4708929849721,5.4768048024471705,0
7.0533704593546585,231.80107598054647,4.820392082450541,178.97420395540337,2.88889167568505,1
7.193802074199722,124.20541150499243,0.44644762262786464,100.19601722838986,1.6606589718774187,1
6.542266065353493,99.65834974197679,0.8114917853623915,568.6362935386102,1.4984650753761313,0
6.555024804335897,101.26881892227831,2.4690702022846436,337.7784439627404,2.7600376517286875,1
5.798768918801631,225.19505020189527,8.384918338430248,20.645014633788698,5.112290494828158,0
7.570024378826829,246.35593235695413,3.1635593937430047,325.0797291816527,0.9198352960583944,1
7.842810256530798,156.46573533257606,3.519285458171656,145.61457022734754,1.5922241562820723,1
7.267516163173499,226.28057938718797,0.021816348251545437,237.49707837627264,3.308386106937714,1
5.6009160097490565,273.15181861888465,5.442539661136977,387.55272786400684,0.09616893873073873,0
7.91629381829798,365.2897387371961,2.002820178676259,364.2076019687398,5.782111132122295,0
7.171118550235182,131.6212580081998,3.331927067891032,245.83914556447723,3.8333536333955363,1
8.756034570243845,58.115160628654166,7.42881493667939,442.69127158137553,3.6192783725970257,0
6.975732635069871,371.11831536337394,7.379173933540254,207.6476392415851,0.47829043912370994,0
6.90293288663324,109.95773316683946,5.214490241668801,405.73247362384603,4.098685714338279,0
7.4620389232975874,431.9249855154387,0.6845871933357806,342.81548853124895,5.595400252235765,0
8.623404829625745,413.15048665359495,3.7111293843012785,218.78393674818616,3.4539915179845178,0
6.239046039510965,279.5810023930613,9.207666084633573,98.0542349203825,0.7566919342524634,0
6.817172010494817,194.6107549998493,3.909119316724678,240.42071627028704,3.5047725909304406,1
6.991246028266872,217.18885136060715,3.2207461073795796,239.88982388194563,0.9609041620267247,1
5.835141350847106,246.16059148775102,2.688535143821935,552.6705744073037,2.438499219444112,0
7.835790921109842,246.15949250929773,1.8002523295048918,146.34766120147773,3.0969220532989508,1
7.390388680331073,108.09696639975166,4.783999077421431,246.17960623001522,2.8720313442046215,1
7.518653478716734,261.73487865555626,2.5020057285510062,228.9955642363179,1.3831015764730354,1
7.683756857911007,252.0461792874849,2.163645680098523,279.0732071639968,3.5556510145532116,1
8.836471004799012,417.5596411698648,4.543454230676551,472.2961127258395,0.7877278320289454,0
6.630380432131136,87.95528371544766,1.0444136200258187,330.8346682246141,0.6877217703229079,1
7.305659812727821,146.6882383079723,1.8435358543239762,219.35971090522816,3.0111274671416925,1
7.987357308346418,361.7667297587748,7.054608302834863,433.0394866107509,5.452958986301174,0
7.900703858801502,416.4695420998793,4.276013337033373,226.82578207199927,4.5624004037248955,0
7.147489319344519,99.28140428804448,3.8378381425895913,109.13910589268804,1.8418899937039064,1
6.691370454193345,286.1307210668338,2.082522159519395,161.3345117392819,1.088975059776995,1
6.925663858698087,201.8364929567228,4.110899434082117,202.1234668342779,3.4275476736445443,1
7.044623444597953,147.21534834476518,4.251740005599477,253.17422723786797,2.4211837107402507,1
7.468875861997402,167.33593375634234,1.0599702734932903,284.53874216235994,1.162185273366242,1
7.356167457003368,178.38455891106383,3.2867674108506426,373.18171516432653,3.0213439950525602,1
8.629083752823814,332.5508407432036,4.439194545063778,318.3875700891386,3.6997318689916505,0
7.97977287318947,193.44947409322953,4.400783689607425,250.3826933877188,2.6150954378411195,1
7.408662229035331,282.26623410717184,1.0787033958822705,115.07290294689464,2.1131441837230365,1
8.21754128145804,423.89482548068474,5.026312426301304,240.38786579992887,2.8113419675468077,0
5.303799480241541,246.21784035111898,0.5617607734743901,372.1384629124746,0.887750004656435,0
8.58983512059531,489.97037024727416,4.910957293831651,245.46128176839707,5.907926865545037,0
8.66067088978871,324.3882263819537,9.271106288584273,159.37349160121272,1.2545841875376855,0
6.741022059889334,284.7309472216616,3.258198802386383,148.20387541355356,3.435988516664241,1
6.7798505360769585,105.60060753480474,3.6929872906616534,107.49149863511488,2.848545431865184,1
6.927642753040771,259.83893586806215,1.5781367188167499,234.71163037903776,2.9395845810150485,1
6.760060392942132,163.73712456484762,3.224163020111569,171.24356702567724,1.7704399414135508,1
7.845148136939638,273.1543504979153,1.9756545380575163,114.88431200165124,3.5774784465495233,1
6.620350618492464,270.97247182363907,3.5660344164130886,317.3794860542887,3.038800600822001,1
5.799017905320799,430.7538842747774,1.6046261427122643,328.4856245729096,0.20658785143988734,0
7.115595240484492,253.8066959875535,4.451075013180872,282.4958500023315,1.9272231204215693,1
7.199926898579277,421.7797401166112,1.8564670490124302,597.4299622845989,4.899931459209741,0
8.399226975755719,154.052522458117,6.642193849889683,357.9743806199153,5.311433272245392,0
7.096783398568612,168.65563932833552,0.2904597604017489,213.92545687579525,3.8649581687471732,1
8.30513951251014,353.1922752847189,8.141256855911617,209.62579411527165,3.230178612606137,0
7.798260688840971,232.8892395585416,2.5793095135616406,217.6280730713718,2.7098159217518183,1
9.314960019294972,166.54912481443102,1.1043186341110267,253.56815817684492,2.327836526387318,0
6.88685424056741,294.6342441891813,4.177401128710972,137.6458890397452,1.3707712605871198,1
7.6631094656697405,35.930890189964586,3.0980687532246898,415.67117976795726,0.8021739263966172,0
7.502964829886647,260.9457239995594,1.8954702433596808,171.0799974719946,1.5439535898194297,1
7.894063983691378,109.15542800320665,1.6867277338454634,303.21793896666185,3.2142685385164977,1
7.335144339520895,269.64318609997696,0.09663815458800518,269.7344664522989,1.8759262937247771,1
7.35741903420485,283.0065819129468,0.6218419950025511,378.7434151635062,0.9873892477464639,1
6.919968640490426,187.1536221401659,2.068213374593176,216.1967553925942,0.5375035419337564,1
6.004817834734081,398.45472476158335,8.285555979060813,422.1848342726592,5.629087035148334,0
8.040860443226407,339.19275366847774,7.892928483196856,426.35466790878195,1.6534006578550708,0
4.836753007343859,144.93769163168145,3.0779583168074565,457.0138241825661,1.9930351323703952,0
7.138154657924625,190.56453682195735,2.9756583745284075,257.4206912984297,1.750173168975657,1
6.229415284764784,341.95150971480035,9.52815017002506,309.97621533957727,4.591897797152318,0
6.86361459862262,112.2022782756948,2.3204757972675196,170.32768000345442,2.3219034305670045,1
6.672255237108805,160.85757290413693,4.8174962044379415,203.52512365397013,2.0423270919850274,1
8.857684030761881,234.5866610270842,5.056341534219588,128.2511650826559,4.787988211315344,0
9.367444845886984,240.97197017692463,9.411208125336735,34.89999402425674,4.43127632038178,0
7.371857332133919,109.736583614061,1.559319289584416,300.360372010244,2.2771524336599906,1
8.248259158714625,282.39114569013844,1.025679625835898,276.95954967581923,2.3233388472612417,0
7.221710152782226,200.89649789690372,3.8646074093805756,179.6489222287217,3.9395883931863507,1
7.298884148827379,292.4808754537084,2.6064802382706946,283.43908336769823,1.3749051180409038,1
6.577735305233641,175.14953323262904,4.880069116396068,303.5499904877913,0.7567742361086094,1
7.004906417290881,148.5995492787571,0.6277510738132669,195.26491007727654,2.821011871413231,1
6.701622015408462,191.3512098248537,0.08473832444790497,354.432770504689,2.5837822955490544,1
6.943215952023329,375.1539779681266,6.769407829968373,82.66584443831613,5.859705823890055,0
8.352037089038966,460.6767450555923,8.379083748518037,297.5248206621697,2.2632106947458324,0
6.983530767462084,220.98178923184537,0.6010361456028812,321.7200927818118,3.247723723662509,1
7.714811668781953,127.52840015211191,1.3279141647930304,183.23940391748621,1.1849942403487717,1
5.8681333314083295,160.26475062171093,4.392106012497173,69.89865107910705,5.2172020308898786,0
9.485622500788555,457.1696775890793,6.105467550154246,53.075610122099235,1.083945247867819,0
7.64034178983453,113.44546768830259,3.8657093695933575,103.0853487807076,1.9663942082283352,1
6.756935121648377,406.35525288389056,6.736454174749077,359.64085664611525,1.312630250465278,0
7.207364282825237,251.76754893505677,1.7404779658414404,311.87384876657865,1.3982652251513352,1
8.474047743749647,482.14897139553244,6.939495905101568,155.56965938131165,4.537153404640683,0
7.023302399814493,92.79603501120468,0.006768128577340771,397.03265382605974,2.295061598068437,1
5.603848063943802,166.280525785344,1.1755130015021997,495.63915119227664,3.6492682605986797,0
7.745929111681594,92.71172341920067,3.2322937081896526,201.99155913797443,2.586175405163326,1
7.902496510373565,155.13017523916636,0.01992135219070268,308.9153672578646,4.454219622538691,0
7.772556071405676,438.9218429917414,7.187396178535303,419.80003901956036,1.369987514211665,0
7.596301212805466,132.61962292750363,0.11797482322764563,178.31455787045442,3.7224199027251683,1
9.25431781125205,357.769269181182,5.149333499132594,198.5071250700265,1.7995763848383974,0
6.77184959924849,106.70468667293436,3.91599206649313,350.3715370766883,0.6915644742374506,1
6.66167400521301,66.33654569381159,0.8355433751068975,540.8024701973674,1.0081203131560714,0
7.611680973935089,102.23007842234227,2.2899787950178574,155.71992160155568,1.9654330016468946,1
6.598636584630611,25.9539374131111,1.657481769652207,358.21552707775845,2.399898109761411,0
7.762743165137408,93.7041955886138,1.514578644165963,378.5891686346182,0.5007946337638944,1
6.487971989813971,164.6073251648002,2.4153684170168175,231.59703272052323,3.4998434891052272,0
7.692900967789836,299.2733078476549,1.1411768174684955,127.70815843341356,3.4535779393082517,1
9.41988823979914,162.67414770013625,1.0534548448133318,290.38532285398304,0.9104574777183145,0
6.745483914298557,215.3482764108224,2.420385348551008,278.5638502380624,1.0873510847611003,1
6.746398696896489,147.37579657305457,3.7372220329834698,145.14168130179922,0.9212725167349511,1
7.721862080347073,217.25708398416046,2.3690491419897333,390.42291443522004,0.7366166231533411,1
5.565523520125416,453.38959769215387,2.4535231416621106,228.000517533083,4.20658552418562,0
7.284598137153679,173.73834445588173,4.78894900494102,250.4553881050499,3.7508278624075984,1
7.758334126879426,340.5462479486751,3.9103286912739863,32.1417883395053,3.027823727864609,0
7.815800811219662,275.05292735290266,3.925947715742042,241.28807573042005,0.9169923519861686,1
8.821791249198185,448.30519910703305,2.195539232298019,52.991210711035,4.150320684808133,0
7.724899159207366,122.81695260056831,2.7224116640013145,325.3531410862128,1.7209116761052055,1
9.340967139573609,57.905197851597734,6.16300485925724,427.2223233859997,0.23040526395806737,0
5.427627578515605,134.9648815565783,5.5687844317209585,212.1842868670639,2.2095006443707987,0
7.19401967850441,262.0583370247124,1.8284037413068566,371.3079324981572,3.0155133964177083,1
8.382984263958708,36.641728028711995,4.289443334301443,249.6435911936509,2.524419375411701,0
8.35460922322026,299.747280840075,5.4090500383808084,458.6271990250119,3.0116724307910503,0
7.254080585138719,82.42687817430239,0.7040147444633804,116.68165650413819,3.9801560594000023,1
8.305119954714995,430.73412504201895,7.021460961818295,259.122242142366,4.303571255194538,0
7.631101608157077,270.293930740923,1.7169390770544957,562.1433509832145,3.4924207867453414,0
5.156224388411938,50.547636457588325,5.0011275207662695,165.50987793660613,4.786828088046435,0
7.315329291670983,137.15890592390753,0.7348135479410484,223.35924666476376,0.6363524622196248,1
9.104239239078435,307.50968392506104,8.705269662693842,359.0350056904857,2.741328430423601,0
7.436356993870988,110.1641352603798,3.1797735358186423,365.3760664688841,3.308406245579635,1
